AGE_WEEKS	Q	N_GROUP	D_SD	D	D_UPPER	D_LOWER	E	E_LOWER	E_UPPER	DIVTYPE
16	0	12	2.1603650033845962	152.43604166666665	156.6702792667612	148.2018040665721	1	0.972222857837298	1.027777142162702	alpha
16	0.05	12	2.0959928698495593	144.38323254413928	148.49130308089715	140.2751620073814	0.9471725384988904	0.9202230684664617	0.974122008531319	alpha
16	0.1	12	2.0272369205683707	136.2960091384563	140.26932049090018	132.3226977860124	0.8941193148828679	0.868053882397207	0.9201847473685288	alpha
16	0.15000000000000002	12	1.9541271697030154	128.1995020838624	132.0295209576915	124.3694832100333	0.8410051893383421	0.8158797739053946	0.8661306047712896	alpha
16	0.2	12	1.876769226302061	120.12277579797733	123.80117588882247	116.44437570713218	0.7880208281756026	0.7638900514207934	0.8121516049304119	alpha
16	0.25	12	1.7953599168198713	112.0989405311075	115.61778130736127	108.58009975485373	0.7353834388866861	0.7122993917166052	0.7584674860567672	alpha
16	0.30000000000000004	12	1.7102027407051976	104.16509147565135	107.51702725369523	100.81315569760747	0.6833363706952595	0.6613472417373351	0.705325499653184	alpha
16	0.35000000000000003	12	1.621721625419427	96.36201236207154	99.54052834084337	93.18349638329971	0.6321471701081511	0.6112956972935899	0.6529986429227124	alpha
16	0.4	12	1.5304709175734383	88.73358050274567	91.73324838057557	85.73391262491576	0.5821036779266431	0.5624254716111753	0.6017818842421109	alpha
16	0.45	12	1.4371391076094187	81.32582016101615	84.14256105270465	78.50907926932766	0.5335078192259288	0.5150296374200283	0.5519860010318294	alpha
16	0.5	12	1.3425436070809476	74.18557551898394	76.81691263653708	71.5542384014308	0.4866668978535027	0.4694049886043297	0.5039288071026756	alpha
16	0.55	12	1.2476141876695532	67.35881606793147	69.804094942365	64.91353719349794	0.4418824795728141	0.42584113628091314	0.45792382286471517	alpha
16	0.6000000000000001	12	1.1533636377057448	60.888645147980306	63.149196338961666	58.628093956998946	0.39943732782779867	0.38460782185096065	0.4142668338046367	alpha
16	0.65	12	1.0608458691813392	54.81315020463633	56.892369901379844	52.733930507892815	0.3595813011498735	0.3459413530509183	0.37322124924882877	alpha
16	0.7000000000000001	12	0.9711039674271911	49.16329796312573	51.06662676452698	47.25996916172448	0.3225175452314065	0.3100314639832245	0.3350036264795885	alpha
16	0.75	12	0.8851130795196877	43.96112061293816	45.69591037104208	42.22633085483424	0.2883905940634982	0.27701015057299216	0.29977103755400425	alpha
16	0.8	12	0.803724909797056	39.21844113401703	40.79371301069696	37.64316925733709	0.2572780079121732	0.24694402219949904	0.26761199362484733	alpha
16	0.8500000000000001	12	0.7276212223082031	34.9363350683229	36.362446458433986	33.51022367821181	0.22918684247074925	0.21983136869618364	0.23854231624531483	alpha
16	0.9	12	0.6572827102457636	31.105425018383922	32.393675458126495	29.81717457864135	0.2040555808081297	0.19560449256379175	0.21250666905246762	alpha
16	0.9500000000000001	12	0.5929769937876209	27.706973324941476	28.869186876426046	26.544759773456907	0.18176130147441494	0.17413703139512496	0.18938557155370495	alpha
16	1	12	0.534858691529532	24.718769618158447	25.76707339037455	23.670465845942346	0.16215830159255393	0.15528129428670667	0.16903530889840115	alpha
16	1.05	12	0.4825299859149319	22.096450820249167	23.042192214103054	21.15070942639528	0.14495555367783486	0.1387513687389347	0.15115973861673498	alpha
16	1.1	12	0.4360020331586932	19.81730260642997	20.671850888607246	18.962754324252693	0.13000404884406966	0.12439810242330175	0.13560999526483755	alpha
16	1.1500000000000001	12	0.39480837127385854	17.840736098491618	18.6145462869833	17.066925909999938	0.11703751884022366	0.11196122467756246	0.12211381300288487	alpha
16	1.2000000000000002	12	0.35850759062923476	16.130811495741064	16.833473461558594	15.428149529923534	0.10582019396052321	0.10121064127117926	0.11042974664986717	alpha
16	1.25	12	0.3266256003670765	14.653384474552306	15.293558887700549	14.013210061404063	0.09612808305922166	0.0919284567362808	0.10032770938216252	alpha
16	1.3	12	0.2986837951632734	13.376974381365276	13.96238386265103	12.791564900079521	0.08775466900811314	0.08391430766780837	0.09159503034841791	alpha
16	1.35	12	0.2742197996696745	12.273242212621088	12.810703143821438	11.735781281420739	0.08051404430626127	0.0769882316091852	0.08403985700333734	alpha
16	1.4000000000000001	12	0.2528012508074388	11.317156421167128	11.812637767996385	10.821675074337872	0.07424199879129939	0.07099157755619062	0.07749242002640815	alpha
16	1.4500000000000002	12	0.2340337221998956	10.486933047418905	10.945630714098552	10.028235380739257	0.06879562689216755	0.06578651132038771	0.07180474246394739	alpha
16	1.5	12	0.21756413254084842	9.763829695107958	10.19024755921572	9.337411831000196	0.06405197608357358	0.06125462016009576	0.0668493320070514	alpha
16	1.55	12	0.20308094166542104	9.131858039842966	9.52988937145367	8.733826708232261	0.059906160905251575	0.05729502427864536	0.0625172975318578	alpha
16	1.6	12	0.19031225032963683	8.577462642379142	8.950467798842002	8.204457485916283	0.05626925593578166	0.053822294230501264	0.05871621764106205	alpha
16	1.6500000000000001	12	0.17902267711912895	8.089198327931015	8.440076327500451	7.73832032836158	0.053066179359470264	0.05076437464364916	0.05536798407529137	alpha
16	1.7000000000000002	12	0.1690096478308178	7.657425868607556	7.988678691395757	7.326173045819354	0.050233696604062454	0.048060635567010894	0.052406757641114014	alpha
16	1.75	12	0.16009952903307842	7.274036482276986	7.587825793123645	6.960247171430328	0.04771861301793175	0.045660114860830395	0.049777111175033105	alpha
16	1.8	12	0.1521438782577503	6.932209377105849	7.230405898959286	6.634012855252412	0.04547618333113489	0.04351997587131704	0.04743239079095273	alpha
16	1.85	12	0.145015966928022	6.626202607703318	6.910428680065492	6.341976535341144	0.04346873964487282	0.04160418012696239	0.04533329916278325	alpha
16	1.9000000000000001	12	0.13860765194979327	6.351175230056837	6.622841235860095	6.079509224253579	0.041664524745040364	0.03988236087596462	0.04344668861411611	alpha
16	1.9500000000000002	12	0.13282661971530085	6.103037606208336	6.363372997038523	5.842702215378148	0.040036710081687285	0.03832887650123086	0.0417445436621437	alpha
16	2	12	0.1275939944483731	5.878326300623497	6.128405934385912	5.628246666861083	0.03856257507314241	0.036922020575477964	0.04020312957080685	alpha
16	2.0500000000000003	12	0.1228422850684765	5.674100032855867	5.914866487368683	5.43333357834305	0.03722282454213469	0.035643365695785856	0.03880228338848353	alpha
16	2.1	12	0.11851363627188838	5.4878534069267	5.720135865696481	5.255570948156919	0.036001022769451343	0.034477220024181195	0.037524825514721485	alpha
16	2.15	12	0.11455834686920272	5.317445500433177	5.541975734425261	5.092915266441093	0.034883125029321387	0.0334101778736673	0.03635607218497547	alpha
16	2.2	12	0.1109336191994089	5.161040789627971	5.378466687933494	4.943614891322448	0.03385709005035481	0.032430748248715995	0.035283431851993625	alpha
16	2.25	12	0.10760250608598826	5.017060267801197	5.227957304375986	4.806163231226408	0.03291255934585372	0.0315290477152122	0.034296070976495244	alpha
16	2.3000000000000003	12	0.10453302530626661	4.884140961636471	5.0890219264317675	4.679259996841175	0.032040591635911594	0.030696546208365587	0.03338463706345761	alpha
16	2.35	12	0.1016974153002968	4.761102355044917	4.960425626354311	4.561779083735523	0.031233442583454542	0.029925856338560725	0.03254102882834836	alpha
16	2.4000000000000004	12	0.09907150949835583	4.646918490924245	4.84109508143504	4.452741900413449	0.030484381778199843	0.02921055841997198	0.0317582051364277	alpha
16	2.45	12	0.0966342100121422	4.540694740890995	4.730094312189274	4.351295169592716	0.029787540343117643	0.028545054844101338	0.03103002584213395	alpha
16	2.5	12	0.0943670444326843	4.4416484156634315	4.626604424078984	4.256692407247879	0.02913778373605388	0.027924448579923305	0.03035111889218446	alpha
16	2.5500000000000003	12	0.0922537920880574	4.3490925394015125	4.529906649331351	4.168278429471674	0.028530605307317772	0.027344441536906922	0.02971676907772862	alpha
16	2.6	12	0.09028016835084891	4.262422234836257	4.439368113322134	4.08547635635038	0.027962036984382842	0.02680124930876997	0.029122824659995716	alpha
16	2.6500000000000004	12	0.08843355748102429	4.1811032669325146	4.354429854620075	4.007776679244954	0.027428574116844184	0.026291529453439873	0.028565618780248492	alpha
16	2.7	12	0.0867027860836565	4.104662375067558	4.274596713150805	3.9347280369843105	0.026927112054269044	0.02581232098369766	0.028041903124840426	alpha
16	2.75	12	0.08507793059344045	4.032679090639312	4.199428770481654	3.86592941079697	0.026454892468656524	0.02536099316492772	0.027548791772385332	alpha
16	2.8000000000000003	12	0.08355015330741482	3.964778791465195	4.128534082850528	3.801023500079862	0.026009457790402448	0.024935202059310855	0.027083713521494038	alpha
16	2.85	12	0.08211156240871768	3.9006267886314605	4.06156249366686	3.739691083596061	0.025588612417272016	0.024532853534557655	0.026644371299986373	alpha
16	2.9000000000000004	12	0.08075509218807761	3.839923277520065	3.998200349776909	3.681646205263221	0.025190389592487986	0.024152071682062643	0.026228707502913333	alpha
16	2.95	12	0.07947440030244413	3.7823990141374564	3.938165976423166	3.6266320518517468	0.02481302304089255	0.023791171774075172	0.025834874307709924	alpha
16	3	12	0.07826377943402958	3.72781160186486	3.8812057908495445	3.574417412880176	0.024454922609552544	0.023448637040158708	0.02546120817894638	alpha
16	3.0500000000000003	12	0.07711808114687678	3.675942293368367	3.827090954973083	3.524793631763651	0.024114653287879154	0.02312309866633346	0.025106207909424853	alpha
16	3.1	12	0.07603265009752538	3.62659322847796	3.7756144843182455	3.477571972637674	0.02379091708775977	0.022813318521102206	0.02476851565441733	alpha
16	3.1500000000000004	12	0.07500326705445419	3.579585042036182	3.7265887441857517	3.432581339886612	0.023482537350738186	0.022518174195264598	0.02444690050621177	alpha
16	3.2	12	0.07402609942844919	3.534754786568889	3.6798432753646306	3.3896662977731475	0.023188445120468106	0.02223664601043212	0.02414024423050409	alpha
16	3.25	12	0.07309765822177536	3.491954123577749	3.635222901046647	3.3486853461088515	0.022907667277359763	0.02196780570720574	0.023847528847513788	alpha
16	3.3000000000000003	12	0.07221476047529414	3.4510477446485086	3.5925860743322717	3.3095094149647455	0.02263931618084749	0.021710806570283958	0.023567825791411024	alpha
16	3.35	12	0.07137449643547213	3.4119119896946692	3.551803432122877	3.2720205472664614	0.02238258060489087	0.02146487478611797	0.023300286423663764	alpha
16	3.4000000000000004	12	0.07057420078251259	3.374433634743258	3.512756526514681	3.236110742971835	0.02213671778569378	0.021229301860568314	0.023044133710819252	alpha
16	3.45	12	0.06981142736064642	3.3385088259043108	3.4753367092405116	3.20168094256811	0.021901046428407397	0.021003437950516034	0.02279865490629876	alpha
16	3.5	12	0.0690839269352991	3.304042139699972	3.4394441484037546	3.1686401309961894	0.021674940542768438	0.020786685985490785	0.02256319510004609	alpha
16	3.5500000000000003	12	0.06838962757212477	3.2709457528860626	3.4049869598435345	3.1369045459285907	0.021457823997022115	0.02057849647387256	0.022337151520171666	alpha
16	3.6	12	0.06772661729205239	3.239138707378961	3.371880438066111	3.1063969766918107	0.0212491656957481	0.02037836290373243	0.022119968487763767	alpha
16	3.6500000000000004	12	0.06709312870636573	3.2085462579857214	3.3400463738603086	3.077046142111134	0.02104847530088639	0.020185817661414616	0.02191113294035816	alpha
16	3.7	12	0.06648752537798072	3.1790992923928383	3.309412447554873	3.0487861372308034	0.02085529942678914	0.020000428401949804	0.021710170451628475	alpha
16	3.75	12	0.06590828969077535	3.150733814353818	3.2799116884303703	3.0215559402772656	0.020669218249864802	0.019821794814670737	0.021516641685058867	alpha
16	3.8000000000000003	12	0.06535401203909397	3.1233904822732512	3.2514819921150724	2.99529897243143	0.02048984248163042	0.019649545735261738	0.021330139227999104	alpha
16	3.85	12	0.06482338117529497	3.0970141964526268	3.2240656889123165	2.969962703992937	0.020316810660991166	0.019483336562145733	0.021150284759836598	alpha
16	3.9000000000000004	12	0.06431517557512854	3.0715537291714474	3.1976091569580696	2.9454983013848253	0.020149786727524998	0.019322846940789597	0.0209767265142604	alpha
16	3.95	12	0.06382825569945194	3.0469613925519963	3.1720624749189357	2.921860310185057	0.019988457842632885	0.019167778684350233	0.020809137000915537	alpha
16	4	12	0.06336155704679795	3.0231927398182954	3.1473791096343993	2.8990063700021915	0.019832532429759228	0.019017853903222418	0.020647210956296038	alpha
6	0	4	5.22039947924117	432.39575	442.62754496422434	422.1639550357757	1	0.9763369668544977	1.0236630331455023	alpha
6	0.05	4	5.283699923624164	427.10927883014597	437.46514038556637	416.75341727472556	0.987773998310913	0.9638240368336773	1.0117239597881487	alpha
6	0.1	4	5.3488251856595115	421.65662007852904	432.14012480202246	411.17311535503563	0.9751636552360402	0.9509184938913845	0.9994088165806959	alpha
6	0.15000000000000002	4	5.415983846822092	416.0308289087487	426.64596218937066	405.4156956281267	0.9621529094787556	0.9376033312726285	0.9867024876848828	alpha
6	0.2	4	5.485422708194875	410.224683230991	420.9759141790311	399.47345228295086	0.948725058539523	0.9238607277776223	0.9735893893014238	alpha
6	0.25	4	5.557433515489171	404.23070248377235	415.12307202060697	393.3383329469377	0.9348628021523624	0.9096720607150688	0.9600535435896559	alpha
6	0.30000000000000004	4	5.6323604578029824	398.0411781136792	409.0804017589206	387.0019544684379	0.9205483127752278	0.8950179424021578	0.9460786831482977	alpha
6	0.35000000000000003	4	5.710608297243126	391.64821898422133	402.84080557663344	380.4556323918092	0.9057633406068892	0.8798782883314862	0.9316483928822923	alpha
6	0.4	4	5.7926508342853396	385.0438155651222	396.39720257533736	373.69042855490704	0.8904893620372591	0.8642324272495903	0.9167462968249279	alpha
6	0.45	4	5.879039194261049	378.21992741527424	389.7426324997253	366.6972223308232	0.874707781968889	0.8480592659174453	0.9013562980203327	alpha
6	0.5	4	5.970409117965759	371.1685991421186	382.870385986301	359.46681229793614	0.8584002019957842	0.8313375242424009	0.8854628797491673	alpha
6	0.55	4	6.067486042030148	363.88211064184077	375.77416476091935	351.9900565227622	0.8415487678633307	0.8140460597097964	0.8690514760168649	alpha
6	0.6000000000000001	4	6.171086260245407	356.35316791398583	368.4482747295568	344.2580610984149	0.8241366107645272	0.796164303415135	0.8521089181139194	alpha
6	0.65	4	6.282111882798664	348.575140980008	360.88785401714443	336.2624279428715	0.8061483975733063	0.7776728331461895	0.834623962000423	alpha
6	0.7000000000000001	4	6.401536705790457	340.542355252792	353.08913664185246	327.9955738637315	0.787571004693714	0.7585541112828502	0.8165878981045777	alpha
6	0.75	4	6.530379564398668	332.2504418891967	345.04975064079446	319.4511331375989	0.7683943283188992	0.7387934158409255	0.7979952407968729	alpha
6	0.8	4	6.669661424162317	323.6967509475465	336.76904712798074	310.62445476711224	0.7486122399388673	0.7183799904765766	0.7788444894011579	alpha
6	0.8500000000000001	4	6.820342582175487	314.88082826654176	328.2484540898306	301.5132024432529	0.7282236892165146	0.697308432016857	0.7591389464161722	alpha
6	0.9	4	6.983237165240621	305.80495257120293	319.4918459105761	292.11805923182976	0.7072339461504951	0.6755803201854546	0.7388875721155356	alpha
6	0.9500000000000001	4	7.158903888112217	296.47472312711005	310.5059169165938	282.44352933762633	0.6856559601409358	0.6532060718395736	0.718105848442298	alpha
6	1	4	7.347208570230257	286.91655341261213	301.31681759716747	272.5162892280568	0.6635508175383595	0.6302473815435438	0.6968542535331752	alpha
6	1.05	4	7.548709088273983	277.09393035716306	291.88912829995024	262.2987324143759	0.6408340747039328	0.6066172769144375	0.6750508724934281	alpha
6	1.1	4	7.761439528807514	267.076738432256	282.2888803769042	251.86459648760774	0.6176673531880366	0.5824862905974625	0.6528484157786106	alpha
6	1.1500000000000001	4	7.983833207290575	256.873034296696	272.52105984156043	241.22500875183158	0.5940692855947266	0.5578801566662752	0.630258414523178	alpha
6	1.2000000000000002	4	8.213081493983509	246.5137749399855	262.61111887028557	230.4164310096854	0.5701114660354212	0.5328832001926138	0.6073397318782285	alpha
6	1.25	4	8.445385553427686	236.03609364267862	252.58874516295177	219.48344212240548	0.5458797725062714	0.507598518538643	0.5841610264738998	alpha
6	1.3	4	8.67597846582969	225.4831688277958	242.48777415146705	208.47856350412454	0.5214740635813275	0.4821475777782842	0.5608005493843707	alpha
6	1.35	4	8.899241347655764	214.90375377016312	232.3459463012981	197.46156123902813	0.49700709077312416	0.45666859870622717	0.5373455828400212	alpha
6	1.4000000000000001	4	9.10892124830867	204.35132843446723	222.20448601916385	186.49817084977062	0.4726025369917887	0.4313136076147155	0.513891466368862	alpha
6	1.4500000000000002	4	9.298445270516096	193.88286631417205	212.10748415660038	175.65824847174372	0.4483921646181121	0.40624416052133655	0.4905401687148876	alpha
6	1.5	4	9.461309902781718	183.557250195239	202.10107685126331	165.01342353921467	0.42451215164635403	0.3816259145452162	0.46739838874749184	alpha
6	1.55	4	9.591509749968589	173.43341627937	192.2324299466732	154.6344026120668	0.4010987996051533	0.35762239247741634	0.44457520673289036	alpha
6	1.6	4	9.683959064267052	163.56834857898014	182.54855957270377	144.5881375852565	0.37828389520243927	0.33438843370975896	0.4221793566951196	alpha
6	1.6500000000000001	4	9.734855800670537	154.0150763272376	173.0950430912427	134.93510956323252	0.3561900789432773	0.3120639126615664	0.4003162452249882	alpha
6	1.7000000000000002	4	9.741943132975555	144.82083876587836	163.91469644594775	125.72698108580897	0.3349266008416557	0.2907683090914029	0.3790848925919086	alpha
6	1.75	4	9.704637134087806	136.025569890552	155.0463091563941	117.00483062470988	0.31458581609683256	0.2705966250239737	0.35857500716969143	alpha
6	1.8	4	9.62400901188919	127.66082134312835	146.52353239332007	108.79811029293663	0.295240694070486	0.2516169742485596	0.33886441389241234	alpha
6	1.85	4	9.502631608211978	119.74919058487232	138.37400629531973	101.12437487442492	0.276943495824999	0.23386995564693897	0.3200170360030591	alpha
6	1.9000000000000001	4	9.344318159796813	112.30426337128169	130.61879042456704	93.98973631799635	0.2597256410852366	0.2173697042998141	0.3020815778706591	alpha
6	1.9500000000000002	4	9.15379299034897	105.33102502296897	123.27212960598816	87.38992043994979	0.24359865938314373	0.2021063353188596	0.28509098344742784	alpha
6	2	4	8.936337282186756	98.82665292835017	116.34155215513876	81.31175370156159	0.22855602287568777	0.18804938231137003	0.2690626634400055	alpha
6	2.0500000000000003	4	8.697448997346173	92.78157825673283	109.82826504890534	75.73489146456032	0.2145756017646631	0.17515179431009745	0.25399940921922876	alpha
6	2.1	4	8.442546648135743	87.18069877823548	103.72778614638088	70.63361141009008	0.20162246918068802	0.16335408340643978	0.23989085495493626	alpha
6	2.15	4	8.176734895139052	82.00463409901793	98.03074000462237	65.9785281934135	0.1896518041609288	0.1525882902258255	0.2267153180960321	alpha
6	2.2	4	7.9046385641502	77.23093449884728	92.72374139538807	61.738127602306484	0.17861168732312302	0.14278153196997537	0.21444184267627067	alpha
6	2.25	4	7.630302471359278	72.8351793754184	87.79029741042956	57.88006134040726	0.1684456412335653	0.13385899685740957	0.20303228560972109	alpha
6	2.3000000000000003	4	7.357148269486842	68.7919263034407	83.2116719405561	54.37218066632531	0.15909482529243338	0.12574633461666843	0.19244331596819833	alpha
6	2.35	4	7.087976365454991	65.07549360600233	78.96767200556522	51.18331520643943	0.15049984558359403	0.11837145764369661	0.18262823352349142	alpha
6	2.4000000000000004	4	6.825000261649294	61.66057638022929	75.03733108753835	48.283821672920226	0.14260217955479276	0.11166581001991861	0.17353854908966693	alpha
6	2.45	4	6.569901666450747	58.52270769820023	71.39947834641337	45.64593704998708	0.13534524263524844	0.10556518432474667	0.1651253009457502	alpha
6	2.5	4	6.323896652159299	55.63858368461366	68.0331933647993	43.24397400442801	0.1286751400415329	0.10001017356074385	0.15734010652232197	alpha
6	2.5500000000000003	4	6.087805407224897	52.98627428777242	64.91815363082141	41.05439494472343	0.1225411542268221	0.09494634242987686	0.15013596602376736	alpha
6	2.6	4	5.862120326199412	50.54534187801562	62.03488659040666	39.05579716562458	0.11689601916303669	0.09032419297743925	0.1434678453486341	alpha
6	2.6500000000000004	4	5.647069075350621	48.296888318662205	59.36494032455933	37.22883631276508	0.11169602920163346	0.08609898758895082	0.1372930708143161	alpha
6	2.7	4	5.442670771881161	46.223548666249094	56.89098735884498	35.55610997365321	0.10690102450417029	0.08223047977148991	0.13157156923685068	alpha
6	2.75	4	5.248784517728481	44.30944676354767	54.59687538090692	34.022018146188415	0.10247428834244478	0.07868259145976438	0.12626598522512517	alpha
6	2.8000000000000003	4	5.065150282387597	42.54012508738117	52.467637217143746	32.612612957618595	0.09838238485780947	0.07542306546171787	0.12134170425390108	alpha
6	2.85	4	4.891422601092338	40.90245854028019	50.4894706715864	31.315446408973983	0.09459495968746268	0.07242311333766342	0.11676680603726193	alpha
6	2.9000000000000004	4	4.7271978151723335	39.38455954908309	48.649697014617296	30.11942208354889	0.09108452048634402	0.06965707244705548	0.11251196852563258	alpha
6	2.95	4	4.572035692894584	37.97567989349083	46.93670518759584	29.014654599385814	0.08782620988640806	0.06710208090478645	0.10855033886802967	alpha
6	3	4	4.42547628227012	36.66611312292258	45.33988725060823	27.992338995236935	0.08479757981645883	0.06473777551059864	0.10485738412231903	alpha
6	3.0500000000000003	4	4.287052800579103	35.44710019361311	43.849569282569725	27.044631104656496	0.08197837326942531	0.06254601509070451	0.10141073144814611	alpha
6	3.1	4	4.156301286254704	34.310740020946064	42.45694085090278	26.164539190989345	0.07935031743708411	0.060510629882438355	0.09819000499172986	alpha
6	3.1500000000000004	4	4.032767645915139	33.24990594358523	41.15398528759728	25.345826599573186	0.07689693051697485	0.058617196398376224	0.09517666463557349	alpha
6	3.2	4	3.9160126346500377	32.258168588325674	39.93341231524356	24.582924861407793	0.07460334332223588	0.05685283646152348	0.09235385018294827	alpha
6	3.25	4	3.805615218191848	31.329725265857938	38.7885940325315	23.870856499184377	0.07245613599545772	0.055206038679113695	0.08970623331180173	alpha
6	3.3000000000000003	4	3.7011746850284837	30.459335782655284	37.71350486580249	23.20516669950808	0.07044318956107982	0.053666500421218476	0.08721987870094118	alpha
6	3.35	4	3.602311806340891	29.642264394371686	36.702665795883256	22.581862992860117	0.06855355168123572	0.05222498831882625	0.0848821150436452	alpha
6	3.4000000000000004	4	3.508669282022693	28.874227528835146	35.75109295526163	21.99736210240866	0.0667773157549193	0.05087321534129014	0.08268141616854845	alpha
6	3.45	4	3.4199116613242446	28.15134685436427	34.85425054086833	21.44844316786021	0.06510551237925967	0.049603732617307654	0.08060729214121168	alpha
6	3.5	4	3.335724885833175	27.470107248342416	34.00800788690942	20.93220660977541	0.0635300121436032	0.04840983430058091	0.078650189986625485	alpha
6	3.5500000000000003	4	3.2558155693824786	26.82731922172172	33.208600478016145	20.446037965427294	0.06204343872880739	0.0472854739331441	0.07680140352447068	alpha
6	3.6	4	3.1799101028896173	26.22008537000001	32.452594645738714	19.987576094261303	0.060639091318543274	0.046225190914252284	0.07505299172283426	alpha
6	3.6500000000000004	4	3.1077536509801837	25.64577044484519	31.73685567358921	19.55468521610117	0.05931087538405544	0.0452240458332469	0.07339770493486397	alpha
6	3.7	4	3.0391090905630027	25.101974669109385	31.058519031701145	19.145430306517625	0.0580532409698971	0.04427756356651892	0.07182891837327528	alpha
6	3.75	4	2.9737559284580617	24.586509948798412	30.414964467388682	18.75805543020814	0.056861127679442756	0.043381683169198916	0.0703405721896866	alpha
6	3.8000000000000003	4	2.91148922502404	24.097378666821694	29.803792689245242	18.390964644398146	0.05572991563127457	0.042532713710525936	0.06892711755202321	alpha
6	3.85	4	2.852118542898598	23.632754773842507	29.222804397562616	18.042705150122398	0.054655381728063945	0.04172729530788033	0.06758346814824756	alpha
6	3.9000000000000004	4	2.7954669339691502	23.1909669205247	28.669981431076845	17.711952409972557	0.053633660646582905	0.04096236470865534	0.06630495658451047	alpha
6	3.95	4	2.7413699731421572	22.77048340249701	28.14346981815517	17.39749698683885	0.05266121001998056	0.04023512485226519	0.06508729518769593	alpha
6	4	4	2.6896748440611065	22.369898714213765	27.64156453869692	17.09823288973061	0.05173477934094811	0.039543017917568826	0.0639265407643274	alpha
16	0	NA	25.924380040615166	1829.2325	1880.0433512011348	1778.4216487988654	1	0.972222857837298	1.027777142162702	gamma
16	0.05	NA	25.151914438194698	1732.598790529672	1781.8956369707666	1683.3019440885773	0.9471725384988906	0.9202230684664618	0.9741220085313194	gamma
16	0.1	NA	24.326843046820457	1635.552109661475	1683.2318458908017	1587.8723734321484	0.8941193148828676	0.8680538823972066	0.9201847473685284	gamma
16	0.15000000000000002	NA	23.449526036436232	1538.3940250063488	1584.354251492298	1492.4337985203995	0.841005189338342	0.8158797739053945	0.8661306047712896	gamma
16	0.2	NA	22.521230715624718	1441.4733095757274	1485.614110665869	1397.3325084855858	0.7880208281756023	0.763890051420793	0.8121516049304115	gamma
16	0.25	NA	21.54431900183846	1345.1872863732901	1387.4133756883355	1302.9611970582448	0.7353834388866861	0.7122993917166051	0.7584674860567672	gamma
16	0.30000000000000004	NA	20.522432888462365	1249.9810977078164	1290.204327044343	1209.7578683712898	0.6833363706952595	0.6613472417373351	0.705325499653184	gamma
16	0.35000000000000003	NA	19.460659505033135	1156.3441483448585	1194.4863400901204	1118.2019565995965	0.632147170108151	0.6112956972935898	0.6529986429227123	gamma
16	0.4	NA	18.36565101088128	1064.802966032948	1100.798980566907	1028.806951498989	0.582103677926643	0.5624254716111752	0.6017818842421108	gamma
16	0.45	NA	17.245669291312982	975.9098419321936	1009.7107326324553	942.1089512319318	0.5335078192259286	0.5150296374200282	0.551986001031829	gamma
16	0.5	NA	16.110523284971386	890.2269062278074	921.8029516384452	858.6508608171696	0.4866668978535027	0.4694049886043297	0.5039288071026756	gamma
16	0.55	NA	14.971370252034635	808.3057928151778	837.6491393083801	778.9624463219756	0.4418824795728142	0.4258411362809132	0.45792382286471517	gamma
16	0.6000000000000001	NA	13.84036365246895	730.6637417757637	757.7903560675401	703.5371274839873	0.3994373278277986	0.3846078218509606	0.4142668338046367	gamma
16	0.65	NA	12.730150430176078	657.7578024556359	682.7084388165581	632.8071660947137	0.35958130114987347	0.34594135305091817	0.3732212492488287	gamma
16	0.7000000000000001	NA	11.653247609126277	589.9595755575087	612.7995211743238	567.1196299406937	0.32251754523140647	0.3100314639832245	0.3350036264795884	gamma
16	0.75	NA	10.62135695423626	527.5334473552579	548.350924452505	506.71597025801077	0.28839059406349815	0.2770101505729921	0.2997710375540042	gamma
16	0.8	NA	9.644698917564655	470.62129360820427	489.52455612836343	451.7180310880451	0.25727800791217315	0.246944022199499	0.2676119936248473	gamma
16	0.8500000000000001	NA	8.731454667698433	419.2360208198749	436.349357501208	402.12268413854184	0.22918684247074927	0.2198313686961837	0.23854231624531488	gamma
16	0.9	NA	7.887392522949159	373.26510022060694	388.7241054975178	357.80609494369605	0.2040555808081296	0.19560449256379167	0.21250666905246754	gamma
16	0.9500000000000001	NA	7.115723925451457	332.48367989929767	346.4302425171125	318.53711728148284	0.1817613014744149	0.1741370313951249	0.1893855715537049	gamma
16	1	NA	6.418517199303786	296.64253093389476	309.22259347868106	284.06246838910846	0.16216775665963443	0.15529052123724482	0.16904499208202406	gamma
16	1.05	NA	5.790359830979175	265.15740984298975	276.50630656923636	253.80851311674314	0.1449555536778347	0.13875136873893457	0.1511597386167348	gamma
16	1.1	NA	5.232024397904319	237.80763127715957	248.0622106632869	227.55305189103225	0.1300040488440696	0.12439810242330171	0.13560999526483752	gamma
16	1.1500000000000001	NA	4.7377004552863005	214.0888331818994	223.37455544379955	204.80311091999923	0.11703751884022363	0.11196122467756243	0.12211381300288483	gamma
16	1.2000000000000002	NA	4.3020910875508225	193.5697379488927	202.00168153870308	185.13779435908233	0.10582019396052317	0.10121064127117921	0.11042974664986713	gamma
16	1.25	NA	3.9195072044049177	175.84061369462768	183.52270665240658	168.15852073684877	0.09612808305922166	0.09192845673628079	0.10032770938216251	gamma
16	1.3	NA	3.584205541959279	160.52369257638333	167.54860635181237	153.49877880095428	0.08775466900811314	0.08391430766780837	0.09159503034841791	gamma
16	1.35	NA	3.2906375960360927	147.27890655145302	153.72843772585722	140.82937537704882	0.08051404430626125	0.07698823160918516	0.08403985700333731	gamma
16	1.4000000000000001	NA	3.0336150096892682	135.80587705400552	141.75165321595662	129.86010089205442	0.07424199879129936	0.0709915775561906	0.07749242002640813	gamma
16	1.4500000000000002	NA	2.808404666398745	125.84319656902687	131.34756856918264	120.3388245688711	0.06879562689216755	0.06578651132038771	0.07180474246394739	gamma
16	1.5	NA	2.6107695904901793	117.1659563412955	122.28297071058863	112.04894197200237	0.06405197608357358	0.06125462016009576	0.06684933200705138	gamma
16	1.55	NA	2.4369712999850517	109.58229647811558	114.35867245744404	104.80592049878712	0.05990616090525156	0.05729502427864534	0.06251729753185778	gamma
16	1.6	NA	2.283747003955641	102.92955170854972	107.40561358610404	98.45348983099541	0.05626925593578166	0.053822294230501264	0.05871621764106205	gamma
16	1.6500000000000001	NA	2.148272125429544	97.07037993517218	101.2809159300054	92.85984394033896	0.05306617935947026	0.050764374643649156	0.05536798407529136	gamma
16	1.7000000000000002	NA	2.028115773969814	91.88911042329067	95.86414429674909	87.91407654983226	0.050233696604062454	0.048060635567010894	0.052406757641114014	gamma
16	1.75	NA	1.9211943483969405	87.28843778732383	91.05390951748373	83.52296605716393	0.04771861301793174	0.04566011486083039	0.0497771111750331	gamma
16	1.8	NA	1.8257265390930033	83.18651252527019	86.76487078751143	79.60815426302895	0.04547618333113488	0.04351997587131704	0.04743239079095272	gamma
16	1.85	NA	1.7401916031362619	79.51443129243981	82.9251441607859	76.10371842409371	0.043468739644872814	0.04160418012696238	0.045333299162783246	gamma
16	1.9000000000000001	NA	1.6632918233975196	76.21410276068205	79.47409483032115	72.95411069104296	0.041664524745040364	0.03988236087596462	0.04344668861411611	gamma
16	1.9500000000000002	NA	1.593919436583609	73.23645127450003	76.36047596446227	70.11242658453779	0.04003671008168728	0.03832887650123086	0.041744543662143696	gamma
16	2	NA	1.5311279333804768	70.53991560748197	73.54087121263095	67.538960002333	0.03856257507314241	0.036922020575477964	0.04020312957080685	gamma
16	2.0500000000000003	NA	1.4741074208217197	68.08920039427039	70.9783978484242	65.20000294011659	0.037222824542134686	0.03564336569578585	0.03880228338848352	gamma
16	2.1	NA	1.4221636352626608	65.8542408831204	68.64163038835777	63.066851377883026	0.03600102276945134	0.034477220024181195	0.037524825514721485	gamma
16	2.15	NA	1.3747001624304296	63.80934600519812	66.50370881310313	61.11498319729312	0.03488312502932138	0.0334101778736673	0.03635607218497546	gamma
16	2.2	NA	1.3312034303929083	61.93248947553565	64.54160025520191	59.32337869586937	0.0338570900503548	0.03243074824871599	0.03528343185199362	gamma
16	2.25	NA	1.2912300730318589	60.20472321361437	62.735487652511836	57.67395877471691	0.03291255934585372	0.0315290477152122	0.034296070976495244	gamma
16	2.3000000000000003	NA	1.2543963036752	58.60969153963765	61.06826311718121	56.15111996209409	0.032040591635911594	0.03069654620836558	0.0333846370634576	gamma
16	2.35	NA	1.2203689836035614	57.133228260539006	59.52510751625174	54.741349004826276	0.03123344258345454	0.029925856338560722	0.032541028828348355	gamma
16	2.4000000000000004	NA	1.1888581139802705	55.76302189109093	58.09314097722047	53.43290280496139	0.030484381778199832	0.029210558419971975	0.03175820513642769	gamma
16	2.45	NA	1.1596105201457059	54.48833689069194	56.76113174627128	52.2155420351126	0.02978754034311764	0.028545054844101334	0.031030025842133945	gamma
16	2.5	NA	1.132404533192213	53.29978098796117	55.5192530889478	51.08030888697454	0.029137783736053875	0.027924448579923294	0.03035111889218445	gamma
16	2.5500000000000003	NA	1.1070455050566865	52.18911047281815	54.35887979197621	50.01934115366009	0.02853060530731777	0.027344441536906922	0.029716769077728612	gamma
16	2.6	NA	1.083362020210186	51.14906681803508	53.2724173598656	49.02571627620456	0.02796203698438284	0.026801249308769967	0.029122824659995706	gamma
16	2.6500000000000004	NA	1.061202689772291	50.17323920319018	52.2531582554409	48.093320150939455	0.02742857411684418	0.026291529453439873	0.028565618780248492	gamma
16	2.7	NA	1.040433433003877	49.25594850081069	51.29516055780965	47.216736443811726	0.026927112054269037	0.025812320983697658	0.02804190312484042	gamma
16	2.75	NA	1.020935167121286	48.39214908767174	50.39314524577984	46.39115292956364	0.02645489246865652	0.025360993164927716	0.027548791772385325	gamma
16	2.8000000000000003	NA	1.0026018396889798	47.577345497582336	49.54240899420633	45.61228200095834	0.02600945779040244	0.02493520205931085	0.02708371352149403	gamma
16	2.85	NA	0.9853387489046125	46.80752146357752	48.73874992400232	44.876293003152725	0.02558861241727201	0.02453285353455765	0.02664437129998637	gamma
16	2.9000000000000004	NA	0.9690611062569312	46.07907933024077	47.9784041973229	44.179754463158645	0.025190389592487983	0.024152071682062636	0.026228707502913326	gamma
16	2.95	NA	0.953692803629328	45.38878816964947	47.257991717077985	43.51958462222096	0.024813023040892543	0.023791171774075172	0.025834874307709917	gamma
16	3	NA	0.9391653532083547	44.73373922237832	46.57446949019453	42.893008954562106	0.02445492260955254	0.023448637040158704	0.025461208178946378	gamma
16	3.0500000000000003	NA	0.9254169737625205	44.111307520420404	45.92509145967699	42.297523581163816	0.02411465328787915	0.023123098666333455	0.02510620790942485	gamma
16	3.1	NA	0.9123918011703052	43.51911874173552	45.30737381181895	41.73086367165209	0.023790917087759766	0.022813318521102202	0.024768515654417327	gamma
16	3.1500000000000004	NA	0.90003920465345	42.95502050443419	44.719064930229024	41.19097607863935	0.023482537350738186	0.022518174195264598	0.02444690050621177	gamma
16	3.2	NA	0.8883131931413903	42.417057438826674	44.158119304375575	40.675995573277774	0.023188445120468106	0.02223664601043212	0.02414024423050409	gamma
16	3.25	NA	0.8771718986613033	41.903449482932984	43.62267481255976	40.18422415330621	0.022907667277359756	0.02196780570720573	0.023847528847513785	gamma
16	3.3000000000000003	NA	0.8665771257035287	41.4125729357821	43.11103289198726	39.714112979576946	0.022639316180847486	0.021710806570283955	0.023567825791411017	gamma
16	3.35	NA	0.8564939572256649	40.94294387633604	42.62164118547453	39.264246567197546	0.02238258060489087	0.02146487478611797	0.023300286423663764	gamma
16	3.4000000000000004	NA	0.8468904093901498	40.493203616919104	42.15307831817618	38.83332891566203	0.02213671778569378	0.021229301860568314	0.023044133710819252	gamma
16	3.45	NA	0.8377371283277575	40.06210591085173	41.70404051088614	38.42017131081732	0.021901046428407393	0.02100343795051603	0.022798654906298753	gamma
16	3.5	NA	0.8290071232235906	39.648505676399665	41.27332978084506	38.02368157195427	0.021674940542768438	0.020786685985490782	0.02256319510004609	gamma
16	3.5500000000000003	NA	0.8206755308654966	39.25134903463275	40.85984351812242	37.64285455114309	0.02145782399702211	0.02057849647387256	0.022337151520171666	gamma
16	3.6	NA	0.8127194075046289	38.86966448854752	40.462565256793326	37.276763720301716	0.02124916569574809	0.02037836290373242	0.02211996848776376	gamma
16	3.6500000000000004	NA	0.8051175444763897	38.50255509582866	40.08055648632371	36.924553705333615	0.02104847530088639	0.020185817661414616	0.02191113294035816	gamma
16	3.7	NA	0.7978503045357693	38.14919150871406	39.712949370658485	36.58543364676964	0.020855299426789136	0.0200004284019498	0.021710170451628475	gamma
16	3.75	NA	0.7908994762893026	37.80880577224582	39.35894026116444	36.258671283327196	0.020669218249864802	0.01982179481467074	0.021516641685058863	gamma
16	3.8000000000000003	NA	0.7842481444691273	37.480685787279015	39.01778390538087	35.94358766917716	0.020489842481630417	0.019649545735261734	0.0213301392279991	gamma
16	3.85	NA	0.7778805741035402	37.164170357431516	38.688788266947796	35.639552447915236	0.020316810660991162	0.019483336562145726	0.021150284759836595	gamma
16	3.9000000000000004	NA	0.7717821069015418	36.858644750057366	38.37130988349683	35.3459796166179	0.020149786727524995	0.019322846940789593	0.020976726514260396	gamma
16	3.95	NA	0.7659390683934225	36.56353671062396	38.064749699027224	35.06232372222069	0.019988457842632885	0.019167778684350233	0.020809137000915533	gamma
16	4	NA	0.7603386845615744	36.27831287781954	37.76854931561278	34.788076440026295	0.01983253242975922	0.019017853903222415	0.02064721095629603	gamma
6	0	NA	20.88159791696468	1729.583	1770.5101798568974	1688.6558201431028	1	0.9763369668544977	1.0236630331455023	gamma
6	0.05	NA	21.13479969449667	1708.4371153205848	1749.8605615422664	1667.0136690989032	0.9877739983109135	0.9638240368336779	1.011723959788149	gamma
6	0.1	NA	21.395300742638046	1686.6264803141155	1728.5604992080891	1644.6924614201419	0.9751636552360398	0.950918493891384	0.9994088165806955	gamma
6	0.15000000000000002	NA	21.66393538728837	1664.1233156349947	1706.5838487574827	1621.6627825125067	0.9621529094787556	0.9376033312726285	0.9867024876848828	gamma
6	0.2	NA	21.941690832779493	1640.8987329239635	1683.903656716124	1597.893809131803	0.9487250585395228	0.9238607277776221	0.9735893893014235	gamma
6	0.25	NA	22.229734061956695	1616.9228099350898	1660.4922880824283	1573.3533317877514	0.9348628021523626	0.909672060715069	0.9600535435896561	gamma
6	0.30000000000000004	NA	22.52944183121194	1592.1647124547171	1636.3216070356825	1548.0078178737517	0.920548312775228	0.895017942402158	0.9460786831482978	gamma
6	0.35000000000000003	NA	22.84243318897249	1566.592875936885	1611.3632223065335	1521.8225295672366	0.9057633406068891	0.879878288331486	0.9316483928822922	gamma
6	0.4	NA	23.17060333714135	1540.1752622604886	1585.5888103013492	1494.761714219628	0.890489362037259	0.8642324272495902	0.9167462968249278	gamma
6	0.45	NA	23.516156777044188	1512.8797096610963	1558.9705299989005	1466.788889323292	0.8747077819688885	0.8480592659174448	0.9013562980203323	gamma
6	0.5	NA	23.881636471863047	1484.6743965684743	1531.481543945204	1437.8672491917446	0.8584002019957842	0.8313375242424009	0.8854628797491673	gamma
6	0.55	NA	24.269944168120595	1455.5284425673633	1503.0966590436776	1407.960226091049	0.8415487678633308	0.8140460597097965	0.869051476016865	gamma
6	0.6000000000000001	NA	24.68434504098163	1425.4126716559435	1473.7930989182273	1377.0322443936598	0.8241366107645274	0.7961643034151351	0.8521089181139195	gamma
6	0.65	NA	25.12844753119464	1394.3005639200321	1443.551416068578	1345.0497117714863	0.8061483975733065	0.7776728331461897	0.8346239620004232	gamma
6	0.7000000000000001	NA	25.606146823161808	1362.1694210111682	1412.35654656741	1311.9822954549263	0.7875710046937141	0.7585541112828504	0.8165878981045778	gamma
6	0.75	NA	26.121518257594655	1329.0017675567867	1380.1990025631776	1277.8045325503958	0.7683943283188992	0.7387934158409257	0.7979952407968728	gamma
6	0.8	NA	26.678645696649305	1294.7870037901864	1347.0761885119236	1242.4978190684492	0.7486122399388675	0.7183799904765767	0.7788444894011584	gamma
6	0.8500000000000001	NA	27.28137032870192	1259.5233130661668	1312.9938163593222	1206.0528097730114	0.7282236892165145	0.6973084320168569	0.7591389464161721	gamma
6	0.9	NA	27.93294866096245	1223.219810284811	1277.9673836423037	1168.4722369273184	0.7072339461504946	0.6755803201854541	0.7388875721155351	gamma
6	0.9500000000000001	NA	28.63561555244884	1185.8988925084404	1242.023667666375	1129.7741173505058	0.6856559601409359	0.6532060718395739	0.718105848442298	gamma
6	1	NA	29.38849981416789	1147.676264070356	1205.2766652657872	1090.0758628749247	0.6635566284302956	0.6302535714533067	0.6968596854072844	gamma
6	1.05	NA	30.19483635309595	1108.3757214286518	1167.5565131998005	1049.194929657503	0.6408340747039325	0.6066172769144372	0.6750508724934279	gamma
6	1.1	NA	31.04575811523007	1068.3069537290237	1129.1555215076166	1007.4583859504306	0.6176673531880364	0.5824862905974623	0.6528484157786105	gamma
6	1.1500000000000001	NA	31.935332829162274	1027.4921371867842	1090.084239366242	964.9000350073266	0.5940692855947267	0.5578801566662753	0.6302584145231781	gamma
6	1.2000000000000002	NA	32.85232597593402	986.0550997599421	1050.4444754811425	921.6657240387417	0.5701114660354213	0.5328832001926138	0.6073397318782287	gamma
6	1.25	NA	33.78154221371075	944.1443745707146	1010.3549806518072	877.933768489622	0.5458797725062715	0.5075985185386431	0.5841610264738999	gamma
6	1.3	NA	34.703913863318725	901.9326753111828	969.9510966058679	833.9142540164978	0.5214740635813273	0.482147577778284	0.5608005493843706	gamma
6	1.35	NA	35.59696539062305	859.6150150806525	929.3837852051925	789.8462449561125	0.49700709077312416	0.45666859870622717	0.5373455828400212	gamma
6	1.4000000000000001	NA	36.435684993234716	817.4053137378689	888.8179440766555	745.9926833990824	0.4726025369917887	0.43131360761471543	0.5138914663688621	gamma
6	1.4500000000000002	NA	37.19378108206437	775.5314652566881	848.4299366264014	702.6329938869748	0.44839216461811204	0.4062441605213365	0.49054016871488754	gamma
6	1.5	NA	37.84523961112688	734.229000780956	808.4043074050533	660.0536941568587	0.42451215164635403	0.3816259145452162	0.46739838874749184	gamma
6	1.55	NA	38.366038999874355	693.7336651174797	768.9297197866925	618.537610448267	0.4010987996051532	0.3576223924774162	0.44457520673289025	gamma
6	1.6	NA	38.73583625706819	654.2733943159203	730.1942382908147	578.3525503410259	0.37828389520243916	0.33438843370975885	0.4221793566951194	gamma
6	1.6500000000000001	NA	38.939423202682164	616.0603053089505	692.3801723649709	539.7404382529302	0.35619007894327737	0.31206391266156647	0.40031624522498827	gamma
6	1.7000000000000002	NA	38.96777253190223	579.2833550635136	655.6587857837911	502.907924343236	0.33492660084165576	0.29076830909140294	0.37908489259190864	gamma
6	1.75	NA	38.81854853635124	544.1022795622081	620.1852366255765	468.01932249883964	0.3145858160968326	0.27059662502397375	0.3585750071696915	gamma
6	1.8	NA	38.49603604755675	510.6432853725133	586.0941295732802	435.1924411717464	0.2952406940704859	0.25161697424855956	0.3388644138924123	gamma
6	1.85	NA	38.0105264328479	478.99676233948935	553.4960251812789	404.4974994976998	0.27694349582499905	0.23386995564693905	0.3200170360030591	gamma
6	1.9000000000000001	NA	37.377272639187254	449.21705348512677	522.4751616982682	375.9589452719854	0.2597256410852366	0.2173697042998141	0.3020815778706591	gamma
6	1.9500000000000002	NA	36.61517196139587	421.32410009187595	493.0885184239527	349.5596817597992	0.24359865938314376	0.20210633531885963	0.2850909834474279	gamma
6	2	NA	35.74534912874702	395.3066117134007	465.366208620555	325.24701480624634	0.22855602287568777	0.18804938231137003	0.2690626634400055	gamma
6	2.0500000000000003	NA	34.78979598938471	371.1263130269313	439.31306019562135	302.9395658582413	0.2145756017646631	0.17515179431009745	0.25399940921922876	gamma
6	2.1	NA	33.77018659254297	348.72279511294187	414.9111445855235	282.5344456403602	0.20162246918068796	0.1633540834064397	0.23989085495493626	gamma
6	2.15	NA	32.70693958055621	328.01853639607174	392.1229600184895	263.914112773654	0.1896518041609288	0.1525882902258255	0.2267153180960321	gamma
6	2.2	NA	31.618554256600792	308.92373799538905	370.8949655815522	246.95251040922588	0.178611687323123	0.14278153196997534	0.21444184267627062	gamma
6	2.25	NA	30.5212098854371	291.34071750167357	351.1611896417181	231.520245361629	0.16844564123356529	0.13385899685740957	0.20303228560972103	gamma
6	2.3000000000000003	NA	29.428593077947365	275.1677052137628	332.84668776222435	217.48872266530125	0.15909482529243338	0.12574633461666843	0.1924433159681983	gamma
6	2.35	NA	28.351905461819953	260.3019744240093	315.8706880222608	204.73326082575775	0.15049984558359403	0.11837145764369662	0.1826282335234914	gamma
6	2.4000000000000004	NA	27.30000104659719	246.64230552091718	300.14932435015345	193.1352866916809	0.1426021795547928	0.11166581001991861	0.17353854908966695	gamma
6	2.45	NA	26.279606665802984	234.09083079280092	285.5979133856535	182.58374819994833	0.13534524263524844	0.10556518432474667	0.1651253009457502	gamma
6	2.5	NA	25.295586608637205	222.55433473845466	272.13277345919727	172.97589601771205	0.12867514004153294	0.10001017356074385	0.157340106522322	gamma
6	2.5500000000000003	NA	24.351221628899587	211.94509715108967	259.67261452328563	164.2175797788937	0.1225411542268221	0.09494634242987686	0.15013596602376736	gamma
6	2.6	NA	23.448481304797646	202.18136751206245	248.1395463616266	156.2231886624983	0.11689601916303666	0.09032419297743924	0.14346784534863408	gamma
6	2.6500000000000004	NA	22.588276301402484	193.1875532746488	237.45976129823725	148.91534525106033	0.11169602920163345	0.08609898758895082	0.13729307081431608	gamma
6	2.7	NA	21.770683087524645	184.8941946649964	227.56394943537998	142.22443989461283	0.10690102450417031	0.08223047977148991	0.1315715692368507	gamma
6	2.75	NA	20.995138070913928	177.2377870541907	218.38750152362775	136.08807258475366	0.10247428834244479	0.07868259145976438	0.12626598522512522	gamma
6	2.8000000000000003	NA	20.260601129550384	170.1605003495247	209.87054886857499	130.45045183047444	0.09838238485780948	0.0754230654617179	0.12134170425390108	gamma
6	2.85	NA	19.565690404369363	163.6098341611208	201.95788268634567	125.26178563589593	0.09459495968746269	0.07242311333766342	0.11676680603726196	gamma
6	2.9000000000000004	NA	18.908791260689338	157.5382381963324	194.5987880584692	120.47768833419559	0.09108452048634405	0.06965707244705549	0.1125119685256326	gamma
6	2.95	NA	18.288142771578336	151.9027195739633	187.74682075038336	116.05861839754326	0.08782620988640806	0.06710208090478645	0.10855033886802967	gamma
6	3	NA	17.701905129080476	146.66445249169033	181.3595490024329	111.96935598094774	0.08479757981645883	0.06473777551059864	0.10485738412231903	gamma
6	3.0500000000000003	NA	17.148211202316407	141.78840077445244	175.3982771302789	108.17852441862598	0.08197837326942531	0.06254601509070451	0.10141073144814611	gamma
6	3.1	NA	16.625205145018818	137.24296008378425	169.82776340361113	104.65815676395738	0.07935031743708411	0.060510629882438355	0.09819000499172986	gamma
6	3.1500000000000004	NA	16.131070583660552	132.99962377434093	164.61594115038912	101.38330639829275	0.07689693051697485	0.058617196398376224	0.09517666463557349	gamma
6	3.2	NA	15.664050538600154	129.03267435330267	159.7336492609742	98.33169944563113	0.07460334332223585	0.056852836461523455	0.09235385018294825	gamma
6	3.25	NA	15.222460872767392	125.31890106343177	155.154376130126	95.48342599673752	0.07245613599545772	0.0552060386791137	0.08970623331180173	gamma
6	3.3000000000000003	NA	14.804698740113936	121.83734313062115	150.85401946320997	92.82066679803233	0.07044318956107984	0.05366650042121848	0.08721987870094118	gamma
6	3.35	NA	14.409247225363563	118.56905757748675	146.81066318353302	90.32745197144047	0.06855355168123572	0.05222498831882625	0.0848821150436452	gamma
6	3.4000000000000004	NA	14.034677128090769	115.49691011534058	143.00437182104653	87.98944840963465	0.0667773157549193	0.05087321534129015	0.08268141616854845	gamma
6	3.45	NA	13.67964664529698	112.60538741745708	139.41700216347334	85.79377267144083	0.06510551237925967	0.049603732617307654	0.08060729214121169	gamma
6	3.5	NA	13.342899543332697	109.88042899336966	136.03203154763767	83.72882643910165	0.0635300121436032	0.04840983430058092	0.078650189986625485	gamma
6	3.5500000000000003	NA	13.023262277529916	107.30927688688689	132.8344019120646	81.78415186170918	0.062043438728807396	0.0472854739331441	0.0768014035244707	gamma
6	3.6	NA	12.71964041155847	104.88034148000004	129.81037858295485	79.95030437704521	0.060639091318543274	0.046225190914252284	0.07505299172283426	gamma
6	3.6500000000000004	NA	12.431014603920733	102.58308177938076	126.94742269435685	78.21874086440468	0.05931087538405544	0.0452240458332469	0.07339770493486397	gamma
6	3.7	NA	12.156436362252007	100.40789867643753	124.23407612680457	76.58172122607048	0.05805324096989709	0.044277563566518914	0.07182891837327526	gamma
6	3.75	NA	11.895023713832245	98.34603979519365	121.65985786955471	75.03222172083258	0.056861127679442756	0.04338168316919892	0.07034057218968659	gamma
6	3.8000000000000003	NA	11.64595690009616	96.38951466728678	119.21517075698097	73.56385857759258	0.05572991563127457	0.042532713710525936	0.06892711755202321	gamma
6	3.85	NA	11.408474171594394	94.53101909537004	116.89121759025048	72.1708206004896	0.05465538172806395	0.04172729530788034	0.06758346814824756	gamma
6	3.9000000000000004	NA	11.1818677358766	92.7638676820988	114.67992572430737	70.84780963989024	0.053633660646582905	0.040962364708655344	0.06630495658451047	gamma
6	3.95	NA	10.965479892568627	91.08193360998804	112.57387927262069	69.5899879473554	0.05266121001998056	0.04023512485226519	0.06508729518769593	gamma
6	4	NA	10.758699376244428	89.47959485685506	110.56625815478768	68.39293155892244	0.05173477934094811	0.039543017917568826	0.0639265407643274	gamma
16	0	12	0	12	12	12	1	1	1	beta
16	0.05	12	1.3584106286851513e-15	12.000000000000005	12.000000000000007	12.000000000000004	1.0000000000000004	1.0000000000000002	1.0000000000000007	beta
16	0.1	12	1.5941777868919665e-15	11.999999999999996	12	11.999999999999993	0.9999999999999997	0.9999999999999994	1	beta
16	0.15000000000000002	12	1.3945341993946272e-15	11.999999999999998	12.000000000000002	11.999999999999995	0.9999999999999999	0.9999999999999996	1.0000000000000002	beta
16	0.2	12	1.4516584560690025e-15	11.999999999999996	12	11.999999999999993	0.9999999999999997	0.9999999999999994	1	beta
16	0.25	12	1.5013706411850192e-15	12.000000000000002	12.000000000000005	11.999999999999998	1.0000000000000002	0.9999999999999999	1.0000000000000004	beta
16	0.30000000000000004	12	1.6921640209148374e-15	12.000000000000002	12.000000000000005	11.999999999999998	1.0000000000000002	0.9999999999999999	1.0000000000000004	beta
16	0.35000000000000003	12	1.6856215229864088e-15	12.000000000000002	12.000000000000005	11.999999999999998	1.0000000000000002	0.9999999999999999	1.0000000000000004	beta
16	0.4	12	1.754900307629253e-15	12	12.000000000000004	11.999999999999996	1	0.9999999999999997	1.0000000000000002	beta
16	0.45	12	1.8400832145629714e-15	11.999999999999996	12	11.999999999999993	0.9999999999999997	0.9999999999999994	1	beta
16	0.5	12	2.0502621707214554e-15	12.000000000000002	12.000000000000005	11.999999999999998	1.0000000000000002	0.9999999999999999	1.0000000000000004	beta
16	0.55	12	1.9508434535004986e-15	12.000000000000002	12.000000000000005	11.999999999999998	1.0000000000000002	0.9999999999999999	1.0000000000000004	beta
16	0.6000000000000001	12	2.33701696362554e-15	12.000000000000002	12.000000000000007	11.999999999999996	1.0000000000000002	0.9999999999999997	1.0000000000000007	beta
16	0.65	12	3.1769481827446005e-15	12	12.000000000000007	11.999999999999993	1	0.9999999999999994	1.0000000000000007	beta
16	0.7000000000000001	12	2.7546147995939247e-15	11.999999999999998	12.000000000000004	11.999999999999993	0.9999999999999999	0.9999999999999994	1.0000000000000002	beta
16	0.75	12	3.772094742805216e-15	11.999999999999998	12.000000000000005	11.999999999999991	0.9999999999999999	0.9999999999999992	1.0000000000000004	beta
16	0.8	12	4.55689730769756e-15	11.999999999999998	12.000000000000007	11.99999999999999	0.9999999999999999	0.9999999999999991	1.0000000000000007	beta
16	0.8500000000000001	12	5.326700330495496e-15	12.000000000000002	12.000000000000012	11.999999999999991	1.0000000000000002	0.9999999999999992	1.000000000000001	beta
16	0.9	12	7.246430094931209e-15	11.999999999999995	12.000000000000009	11.99999999999998	0.9999999999999996	0.9999999999999983	1.0000000000000007	beta
16	0.9500000000000001	12	1.795945159641218e-14	11.999999999999998	12.000000000000034	11.999999999999963	0.9999999999999999	0.9999999999999969	1.0000000000000029	beta
16	1	12	2.528769973236157e-5	12.000699832266418	12.000749395247146	12.000650269285691	1.0000583193555348	1.0000541891071408	1.0000624496039288	beta
16	1.05	12	1.4466205603807692e-14	11.999999999999988	12.000000000000016	11.99999999999996	0.999999999999999	0.9999999999999966	1.0000000000000013	beta
16	1.1	12	8.905567443334674e-15	11.999999999999995	12.000000000000012	11.999999999999977	0.9999999999999996	0.9999999999999981	1.000000000000001	beta
16	1.1500000000000001	12	5.251040973031109e-15	11.999999999999998	12.000000000000009	11.999999999999988	0.9999999999999999	0.999999999999999	1.0000000000000007	beta
16	1.2000000000000002	12	4.523520636432874e-15	11.999999999999998	12.000000000000007	11.99999999999999	0.9999999999999999	0.9999999999999991	1.0000000000000007	beta
16	1.25	12	4.47281223059579e-15	12	12.000000000000009	11.999999999999991	1	0.9999999999999992	1.0000000000000007	beta
16	1.3	12	2.602270637930036e-15	12.000000000000002	12.000000000000007	11.999999999999996	1.0000000000000002	0.9999999999999997	1.0000000000000007	beta
16	1.35	12	2.6758412126399896e-15	11.999999999999996	12.000000000000002	11.999999999999991	0.9999999999999997	0.9999999999999992	1.0000000000000002	beta
16	1.4000000000000001	12	2.4494735274689166e-15	12	12.000000000000005	11.999999999999995	1	0.9999999999999996	1.0000000000000004	beta
16	1.4500000000000002	12	2.1428692659425837e-15	12	12.000000000000004	11.999999999999996	1	0.9999999999999997	1.0000000000000002	beta
16	1.5	12	1.9641489366244425e-15	12	12.000000000000004	11.999999999999996	1	0.9999999999999997	1.0000000000000002	beta
16	1.55	12	1.972169177976988e-15	12	12.000000000000004	11.999999999999996	1	0.9999999999999997	1.0000000000000002	beta
16	1.6	12	1.837078294209197e-15	12	12.000000000000004	11.999999999999996	1	0.9999999999999997	1.0000000000000002	beta
16	1.6500000000000001	12	1.826738184160821e-15	11.999999999999998	12.000000000000002	11.999999999999995	0.9999999999999999	0.9999999999999996	1.0000000000000002	beta
16	1.7000000000000002	12	1.6245831780214328e-15	12	12.000000000000004	11.999999999999996	1	0.9999999999999997	1.0000000000000002	beta
16	1.75	12	1.7028578414524493e-15	12	12.000000000000004	11.999999999999996	1	0.9999999999999997	1.0000000000000002	beta
16	1.8	12	1.6045409152169487e-15	12	12.000000000000004	11.999999999999996	1	0.9999999999999997	1.0000000000000002	beta
16	1.85	12	1.5951676521142591e-15	12	12.000000000000004	11.999999999999996	1	0.9999999999999997	1.0000000000000002	beta
16	1.9000000000000001	12	1.5191389595607988e-15	12	12.000000000000004	11.999999999999996	1	0.9999999999999997	1.0000000000000002	beta
16	1.9500000000000002	12	1.7005388183943995e-15	11.999999999999998	12.000000000000002	11.999999999999995	0.9999999999999999	0.9999999999999996	1.0000000000000002	beta
16	2	12	1.3740084551799939e-15	12	12.000000000000004	11.999999999999996	1	0.9999999999999997	1.0000000000000002	beta
16	2.0500000000000003	12	1.5469398100825116e-15	12	12.000000000000004	11.999999999999996	1	0.9999999999999997	1.0000000000000002	beta
16	2.1	12	1.5732467547873147e-15	12	12.000000000000004	11.999999999999996	1	0.9999999999999997	1.0000000000000002	beta
16	2.15	12	1.6123919268158233e-15	12	12.000000000000004	11.999999999999996	1	0.9999999999999997	1.0000000000000002	beta
16	2.2	12	1.486578451466661e-15	12	12.000000000000004	11.999999999999996	1	0.9999999999999997	1.0000000000000002	beta
16	2.25	12	1.3854491893337748e-15	12	12.000000000000004	11.999999999999996	1	0.9999999999999997	1.0000000000000002	beta
16	2.3000000000000003	12	1.2109652267058643e-15	12	12.000000000000002	11.999999999999998	1	0.9999999999999999	1.0000000000000002	beta
16	2.35	12	1.1698585787181007e-15	12	12.000000000000002	11.999999999999998	1	0.9999999999999999	1.0000000000000002	beta
16	2.4000000000000004	12	1.111033596968363e-15	12	12.000000000000002	11.999999999999998	1	0.9999999999999999	1.0000000000000002	beta
16	2.45	12	1.0314632608421676e-15	12	12.000000000000002	11.999999999999998	1	0.9999999999999999	1.0000000000000002	beta
16	2.5	12	1.3490823766802337e-15	12	12.000000000000002	11.999999999999998	1	0.9999999999999999	1.0000000000000002	beta
16	2.5500000000000003	12	1.0459006495459703e-15	12	12.000000000000002	11.999999999999998	1	0.9999999999999999	1.0000000000000002	beta
16	2.6	12	1.3630508151395487e-15	12	12.000000000000004	11.999999999999996	1	0.9999999999999997	1.0000000000000002	beta
16	2.6500000000000004	12	1.3825978811265908e-15	12.000000000000002	12.000000000000005	11.999999999999998	1.0000000000000002	0.9999999999999999	1.0000000000000004	beta
16	2.7	12	1.1712071193142076e-15	12	12.000000000000002	11.999999999999998	1	0.9999999999999999	1.0000000000000002	beta
16	2.75	12	1.2977947863184444e-15	12	12.000000000000002	11.999999999999998	1	0.9999999999999999	1.0000000000000002	beta
16	2.8000000000000003	12	1.1832748267075722e-15	12	12.000000000000002	11.999999999999998	1	0.9999999999999999	1.0000000000000002	beta
16	2.85	12	1.1508130970548755e-15	11.999999999999998	12	11.999999999999996	0.9999999999999999	0.9999999999999997	1	beta
16	2.9000000000000004	12	1.2037745464018835e-15	11.999999999999998	12	11.999999999999996	0.9999999999999999	0.9999999999999997	1	beta
16	2.95	12	1.2614036445574473e-15	12	12.000000000000002	11.999999999999998	1	0.9999999999999999	1.0000000000000002	beta
16	3	12	1.2788031374492759e-15	12	12.000000000000002	11.999999999999998	1	0.9999999999999999	1.0000000000000002	beta
16	3.0500000000000003	12	1.2232859398130555e-15	12	12.000000000000002	11.999999999999998	1	0.9999999999999999	1.0000000000000002	beta
16	3.1	12	1.30990134312277e-15	12	12.000000000000002	11.999999999999998	1	0.9999999999999999	1.0000000000000002	beta
16	3.1500000000000004	12	1.314112288267887e-15	12	12.000000000000002	11.999999999999998	1	0.9999999999999999	1.0000000000000002	beta
16	3.2	12	1.350251932493021e-15	12	12.000000000000002	11.999999999999998	1	0.9999999999999999	1.0000000000000002	beta
16	3.25	12	1.2837311061425254e-15	11.999999999999998	12	11.999999999999996	0.9999999999999999	0.9999999999999997	1	beta
16	3.3000000000000003	12	1.4197741479721656e-15	12	12.000000000000004	11.999999999999996	1	0.9999999999999997	1.0000000000000002	beta
16	3.35	12	1.316512495360588e-15	12	12.000000000000002	11.999999999999998	1	0.9999999999999999	1.0000000000000002	beta
16	3.4000000000000004	12	1.3296361885463303e-15	12.000000000000002	12.000000000000004	12	1.0000000000000002	1	1.0000000000000002	beta
16	3.45	12	1.4269825770161891e-15	12	12.000000000000004	11.999999999999996	1	0.9999999999999997	1.0000000000000002	beta
16	3.5	12	1.3092986739658992e-15	12.000000000000002	12.000000000000004	12	1.0000000000000002	1	1.0000000000000002	beta
16	3.5500000000000003	12	1.3254745627246822e-15	11.999999999999998	12	11.999999999999996	0.9999999999999999	0.9999999999999997	1	beta
16	3.6	12	1.2861880100287872e-15	11.999999999999998	12	11.999999999999996	0.9999999999999999	0.9999999999999997	1	beta
16	3.6500000000000004	12	1.3396891736569298e-15	12.000000000000002	12.000000000000004	12	1.0000000000000002	1	1.0000000000000002	beta
16	3.7	12	1.1978591565669502e-15	12	12.000000000000002	11.999999999999998	1	0.9999999999999999	1.0000000000000002	beta
16	3.75	12	1.4197741479721656e-15	12	12.000000000000004	11.999999999999996	1	0.9999999999999997	1.0000000000000002	beta
16	3.8000000000000003	12	1.4764564951638399e-15	11.999999999999998	12.000000000000002	11.999999999999995	0.9999999999999999	0.9999999999999996	1.0000000000000002	beta
16	3.85	12	1.386588070898334e-15	12	12.000000000000004	11.999999999999996	1	0.9999999999999997	1.0000000000000002	beta
16	3.9000000000000004	12	1.3290424684057458e-15	12	12.000000000000002	11.999999999999998	1	0.9999999999999999	1.0000000000000002	beta
16	3.95	12	1.2386737892309302e-15	12	12.000000000000002	11.999999999999998	1	0.9999999999999999	1.0000000000000002	beta
16	4	12	1.2732363742669059e-15	11.999999999999998	12	11.999999999999996	0.9999999999999999	0.9999999999999997	1	beta
6	0	4	0	4	4	4	1	1	1	beta
6	0.05	4	6.074347386112016e-16	4.000000000000002	4.000000000000003	4.000000000000001	1.0000000000000004	1.0000000000000002	1.0000000000000007	beta
6	0.1	4	5.227616362137947e-16	3.9999999999999987	3.9999999999999996	3.999999999999998	0.9999999999999997	0.9999999999999994	0.9999999999999999	beta
6	0.15000000000000002	4	5.1208412476379185e-16	4	4.000000000000001	3.999999999999999	1	0.9999999999999998	1.0000000000000002	beta
6	0.2	4	5.132387691265928e-16	3.9999999999999987	3.9999999999999996	3.999999999999998	0.9999999999999997	0.9999999999999994	0.9999999999999999	beta
6	0.25	4	5.896329894781975e-16	4.000000000000001	4.000000000000002	3.9999999999999996	1.0000000000000002	0.9999999999999999	1.0000000000000004	beta
6	0.30000000000000004	4	5.266162387388798e-16	4.000000000000001	4.000000000000002	4	1.0000000000000002	1	1.0000000000000004	beta
6	0.35000000000000003	4	5.863611869468188e-16	3.9999999999999996	4.000000000000001	3.9999999999999982	0.9999999999999999	0.9999999999999996	1.0000000000000002	beta
6	0.4	4	6.835490293523964e-16	3.9999999999999996	4.000000000000001	3.9999999999999982	0.9999999999999999	0.9999999999999996	1.0000000000000002	beta
6	0.45	4	4.815016228581995e-16	3.9999999999999982	3.999999999999999	3.9999999999999973	0.9999999999999996	0.9999999999999993	0.9999999999999998	beta
6	0.5	4	4.983166885286845e-16	4	4.000000000000001	3.999999999999999	1	0.9999999999999998	1.0000000000000002	beta
6	0.55	4	5.336877274838406e-16	4.000000000000001	4.000000000000002	4	1.0000000000000002	1	1.0000000000000004	beta
6	0.6000000000000001	4	8.935494550154934e-16	4.000000000000001	4.000000000000003	3.999999999999999	1.0000000000000002	0.9999999999999998	1.0000000000000007	beta
6	0.65	4	7.484478034825689e-16	4.000000000000001	4.000000000000003	3.9999999999999996	1.0000000000000002	0.9999999999999999	1.0000000000000007	beta
6	0.7000000000000001	4	1.2014365205421901e-15	4.000000000000001	4.0000000000000036	3.9999999999999987	1.0000000000000002	0.9999999999999997	1.0000000000000009	beta
6	0.75	4	1.370953461962922e-15	3.9999999999999996	4.000000000000003	3.999999999999997	0.9999999999999999	0.9999999999999992	1.0000000000000007	beta
6	0.8	4	1.6227299309716294e-15	4.000000000000001	4.000000000000004	3.999999999999998	1.0000000000000002	0.9999999999999994	1.000000000000001	beta
6	0.8500000000000001	4	2.1033481008192247e-15	3.999999999999999	4.0000000000000036	3.999999999999995	0.9999999999999998	0.9999999999999988	1.0000000000000009	beta
6	0.9	4	3.042285486012589e-15	3.9999999999999982	4.000000000000004	3.9999999999999925	0.9999999999999996	0.9999999999999981	1.000000000000001	beta
6	0.9500000000000001	4	5.7707838822656e-15	4.000000000000001	4.000000000000012	3.99999999999999	1.0000000000000002	0.9999999999999974	1.000000000000003	beta
6	1	4	3.967260185019978e-6	4.0000350819813955	4.0000428576684754	4.0000273062943155	1.0000087704953489	1.0000068265735789	1.0000107144171189	beta
6	1.05	4	5.527134938703709e-15	3.9999999999999987	4.00000000000001	3.999999999999988	0.9999999999999997	0.999999999999997	1.0000000000000024	beta
6	1.1	4	3.020872132882557e-15	3.9999999999999996	4.000000000000005	3.999999999999994	0.9999999999999999	0.9999999999999984	1.0000000000000013	beta
6	1.1500000000000001	4	1.7498051843800796e-15	4.000000000000001	4.000000000000004	3.9999999999999973	1.0000000000000002	0.9999999999999993	1.000000000000001	beta
6	1.2000000000000002	4	1.7022783818646193e-15	4.000000000000001	4.000000000000004	3.9999999999999973	1.0000000000000002	0.9999999999999993	1.000000000000001	beta
6	1.25	4	1.3537180986658058e-15	4.000000000000001	4.0000000000000036	3.9999999999999982	1.0000000000000002	0.9999999999999996	1.0000000000000009	beta
6	1.3	4	1.1558599843686086e-15	3.9999999999999982	4.000000000000001	3.999999999999996	0.9999999999999996	0.999999999999999	1.0000000000000002	beta
6	1.35	4	9.961878215427876e-16	4	4.000000000000002	3.9999999999999982	1	0.9999999999999996	1.0000000000000004	beta
6	1.4000000000000001	4	8.366426960287731e-16	4	4.000000000000002	3.9999999999999982	1	0.9999999999999996	1.0000000000000004	beta
6	1.4500000000000002	4	7.31178477977444e-16	3.999999999999999	4.000000000000001	3.999999999999998	0.9999999999999998	0.9999999999999994	1.0000000000000002	beta
6	1.5	4	5.812916867290257e-16	4	4.000000000000001	3.9999999999999987	1	0.9999999999999997	1.0000000000000002	beta
6	1.55	4	5.85519318333262e-16	3.999999999999999	4	3.999999999999998	0.9999999999999998	0.9999999999999994	1	beta
6	1.6	4	6.113202882855957e-16	3.9999999999999987	4	3.9999999999999973	0.9999999999999997	0.9999999999999993	1	beta
6	1.6500000000000001	4	7.734699050412558e-16	4	4.000000000000002	3.9999999999999987	1	0.9999999999999997	1.0000000000000004	beta
6	1.7000000000000002	4	7.286780220490697e-16	4.000000000000001	4.000000000000003	3.9999999999999996	1.0000000000000002	0.9999999999999999	1.0000000000000007	beta
6	1.75	4	6.222768643232648e-16	4.000000000000001	4.000000000000002	3.9999999999999996	1.0000000000000002	0.9999999999999999	1.0000000000000004	beta
6	1.8	4	5.1208412476379185e-16	3.999999999999999	4	3.9999999999999982	0.9999999999999998	0.9999999999999996	1	beta
6	1.85	4	6.12690511495961e-16	4.000000000000001	4.000000000000002	3.9999999999999996	1.0000000000000002	0.9999999999999999	1.0000000000000004	beta
6	1.9000000000000001	4	4.986135707048739e-16	4	4.000000000000001	3.999999999999999	1	0.9999999999999998	1.0000000000000002	beta
6	1.9500000000000002	4	3.567456442540473e-16	4.000000000000001	4.000000000000002	4	1.0000000000000002	1	1.0000000000000004	beta
6	2	4	4.176427573779279e-16	4	4.000000000000001	3.999999999999999	1	0.9999999999999998	1.0000000000000002	beta
6	2.0500000000000003	4	6.743217658821541e-16	4	4.000000000000001	3.9999999999999987	1	0.9999999999999997	1.0000000000000002	beta
6	2.1	4	4.7883058834296535e-16	3.9999999999999996	4.000000000000001	3.9999999999999987	0.9999999999999999	0.9999999999999997	1.0000000000000002	beta
6	2.15	4	5.430336992420053e-16	3.9999999999999996	4.000000000000001	3.9999999999999987	0.9999999999999999	0.9999999999999997	1.0000000000000002	beta
6	2.2	4	5.07147559209648e-16	3.9999999999999996	4.000000000000001	3.9999999999999987	0.9999999999999999	0.9999999999999997	1.0000000000000002	beta
6	2.25	4	5.133348722580645e-16	3.9999999999999996	4.000000000000001	3.9999999999999987	0.9999999999999999	0.9999999999999997	1.0000000000000002	beta
6	2.3000000000000003	4	6.028699469543546e-16	4	4.000000000000001	3.9999999999999987	1	0.9999999999999997	1.0000000000000002	beta
6	2.35	4	5.030457784974634e-16	4	4.000000000000001	3.999999999999999	1	0.9999999999999998	1.0000000000000002	beta
6	2.4000000000000004	4	6.005745403988501e-16	4.000000000000001	4.000000000000002	3.9999999999999996	1.0000000000000002	0.9999999999999999	1.0000000000000004	beta
6	2.45	4	4.588397469971593e-16	4	4.000000000000001	3.999999999999999	1	0.9999999999999998	1.0000000000000002	beta
6	2.5	4	4.883173434395404e-16	4.000000000000001	4.000000000000002	4	1.0000000000000002	1	1.0000000000000004	beta
6	2.5500000000000003	4	6.283510805091367e-16	4	4.000000000000001	3.9999999999999987	1	0.9999999999999997	1.0000000000000002	beta
6	2.6	4	3.7861396722632367e-16	3.9999999999999996	4	3.9999999999999987	0.9999999999999999	0.9999999999999997	1	beta
6	2.6500000000000004	4	3.944388380220209e-16	3.9999999999999996	4	3.9999999999999987	0.9999999999999999	0.9999999999999997	1	beta
6	2.7	4	5.849292893590504e-16	4.000000000000001	4.000000000000002	3.9999999999999996	1.0000000000000002	0.9999999999999999	1.0000000000000004	beta
6	2.75	4	5.494453943457174e-16	4.000000000000001	4.000000000000002	4	1.0000000000000002	1	1.0000000000000004	beta
6	2.8000000000000003	4	5.07147559209648e-16	4	4.000000000000001	3.999999999999999	1	0.9999999999999998	1.0000000000000002	beta
6	2.85	4	4.450877877226737e-16	4.000000000000001	4.000000000000002	4	1.0000000000000002	1	1.0000000000000004	beta
6	2.9000000000000004	4	4.898302583836586e-16	4.000000000000001	4.000000000000002	4	1.0000000000000002	1	1.0000000000000004	beta
6	2.95	4	4.731306379252788e-16	4	4.000000000000001	3.999999999999999	1	0.9999999999999998	1.0000000000000002	beta
6	3	4	4.202331799203323e-16	4	4.000000000000001	3.999999999999999	1	0.9999999999999998	1.0000000000000002	beta
6	3.0500000000000003	4	4.841579218574134e-16	4	4.000000000000001	3.999999999999999	1	0.9999999999999998	1.0000000000000002	beta
6	3.1	4	4.887212453642094e-16	4	4.000000000000001	3.999999999999999	1	0.9999999999999998	1.0000000000000002	beta
6	3.1500000000000004	4	4.78108914099608e-16	4	4.000000000000001	3.999999999999999	1	0.9999999999999998	1.0000000000000002	beta
6	3.2	4	4.2559857239026606e-16	3.9999999999999996	4	3.9999999999999987	0.9999999999999999	0.9999999999999997	1	beta
6	3.25	4	5.944654446602894e-16	4.000000000000001	4.000000000000002	3.9999999999999996	1.0000000000000002	0.9999999999999999	1.0000000000000004	beta
6	3.3000000000000003	4	5.896329894781975e-16	4	4.000000000000001	3.9999999999999987	1	0.9999999999999997	1.0000000000000002	beta
6	3.35	4	4.405203788399612e-16	3.9999999999999996	4	3.9999999999999987	0.9999999999999999	0.9999999999999997	1	beta
6	3.4000000000000004	4	3.553602190425947e-16	3.9999999999999996	4	3.9999999999999987	0.9999999999999999	0.9999999999999997	1	beta
6	3.45	4	6.113202882855957e-16	4	4.000000000000001	3.9999999999999987	1	0.9999999999999997	1.0000000000000002	beta
6	3.5	4	3.769164309734334e-16	3.9999999999999996	4	3.9999999999999987	0.9999999999999999	0.9999999999999997	1	beta
6	3.5500000000000003	4	6.089757331474746e-16	4.000000000000001	4.000000000000002	3.9999999999999996	1.0000000000000002	0.9999999999999999	1.0000000000000004	beta
6	3.6	4	6.38861305367733e-16	4.000000000000001	4.000000000000002	3.9999999999999996	1.0000000000000002	0.9999999999999999	1.0000000000000004	beta
6	3.6500000000000004	4	3.7310178856536095e-16	3.9999999999999996	4	3.9999999999999987	0.9999999999999999	0.9999999999999997	1	beta
6	3.7	4	4.021178027901963e-16	4	4.000000000000001	3.999999999999999	1	0.9999999999999998	1.0000000000000002	beta
6	3.75	4	3.7613036873936457e-16	4	4.000000000000001	3.999999999999999	1	0.9999999999999998	1.0000000000000002	beta
6	3.8000000000000003	4	5.823938231998864e-16	4	4.000000000000001	3.9999999999999987	1	0.9999999999999997	1.0000000000000002	beta
6	3.85	4	5.125655426803639e-16	4	4.000000000000001	3.999999999999999	1	0.9999999999999998	1.0000000000000002	beta
6	3.9000000000000004	4	3.9418863892420233e-16	4	4.000000000000001	3.999999999999999	1	0.9999999999999998	1.0000000000000002	beta
6	3.95	4	4.006430381540829e-16	4	4.000000000000001	3.999999999999999	1	0.9999999999999998	1.0000000000000002	beta
6	4	4	6.284295802384092e-16	4	4.000000000000001	3.9999999999999987	1	0.9999999999999997	1.0000000000000002	beta
